{
    "Name":false,
    "LastName":false,

    "UI":{
        "Pie":{
            "PersonnalLife":false,
            "SocialMedias":false
        },
        "Bar":{
            "TwitterFounds":false,
            "InstagramFounds":false,
            "FacebookFounds":false,
            "SkypeFounds":false
        }
    },

    "AdressPhone":{
        "Exists":false,
        "FullName":false,
        "Adress":false,
        "Phone":false,
        "PhoneLocation":false
    },

    "Work":{
        "Exists":false,
        "FullName":false,
        "BornDate":false,
        "Company":false,
        "Function":false,
        "Warrant":false,
        "Link":false
    },

    "DeathRecords":{
        "Exists":false,
        "Records":false
    },

    "Emails":{
        "HighProbEmails":false,
        "PermutatedMailbox":false
    },

    "Facebook":{
        "Exists":false,
        "AccountList":false
    },

    "Skype":{
        "Exists":false,
        "AccountList":false
    },

    "Instagram":{
        "Exists":false,
        "AccountList":false
    },

    "Twitter":{
        "Exists":false,
        "AccountList":false
    },
    
    "CopainsDavant":{
        "Exists":false,
        "Job":false,
        "NbKids":false,
        "FullName":false,
        "BornDate":false,
        "Location":false,
        "FSituation":false,
        "ProfilePicUrl":false,
        "ProfileUrl":false,
        "OtherLocations":false
    }
}
